查询条件,""数据口径: 15天/点击/不含赠品/下单订单; 产品线: 互动广告", 搜索快车", 智能投放", 推荐广告", 站外广告; 时间: 2025-04-13至2025-04-18; 行业选择: 药食同源""
主品牌名称,流量排名,点击率(%),转化率(%)
同仁堂（TRT）,1,5.15,9.81
福东海（fudonghai）,2,7.70,21.79
内廷上用,3,3.20,7.00
北京同仁堂,4,4.32,7.65
Sunulos,5,0.79,2.23
香港大药房有限公司,6,2.41,7.86
桑加 1,7,2.14,12.79
神农金康（SHEN NONG JIN KANG）,8,4.25,6.61
香港大药房,9,1.65,4.43
北京同仁堂,10,7.94,7.35
南同四海,11,10.60,14.40
北京同仁堂,12,7.72,7.31
易卜生,13,2.02,3.95
半山农,14,3.81,13.31
江中,15,5.15,15.61
顾生堂,16,5.71,12.94
六养源,17,7.00,10.22
养益君（YANGYIJUN）,18,4.61,9.42
宁安堡（NINGANPU）,19,0.63,6.03
太守堂,20,9.47,11.39
九芝堂,21,3.14,11.00
仲岁堂,22,5.54,6.03
广禾堂,23,1.35,3.93
香港大药房,24,2.10,7.49
丙田,25,5.89,12.33
吾家余堂,26,6.22,7.59
昌济平,27,7.54,6.08
舒元康,28,9.21,10.35
橘州贡品,29,1.12,5.29
信盛堂,30,5.50,10.94
福曦堂,31,7.77,23.59
幸福疆至,32,3.98,10.24
安美奇（ALLNATURE）,33,0.74,0.12
椎名制药,34,2.42,2.89
奥祥堂,35,7.91,11.34
鲜蓉,36,1.41,1.38
五谷磨房,37,2.99,8.61
养庆堂（YANGQINGTANG）,38,5.30,7.97
宝元堂（BAOYUANTANG）,39,9.01,12.80
化小果,40,2.16,1.89
修年堂（XIUNIANTANG）,41,11.39,17.80
雷允上,42,5.29,16.87
新食道,43,0.59,1.33
金燕耳,44,2.69,9.66
张宝山,45,3.35,10.08
雪乾堂,46,0.70,6.27
南京同仁堂,47,4.10,4.07
六和乾坤,48,9.49,12.15
研磨匠,49,2.24,6.37
西麦,50,6.31,14.03
康琪爱倍,51,4.57,9.65
固本堂,52,2.08,13.94
笙而美,53,4.26,9.91
夕苇,54,2.40,3.06
老谷头,55,4.44,11.84
方家铺子,56,7.98,20.22
宫诺,57,1.32,2.44
怡福寿,58,6.52,11.11
觅玺,59,7.17,25.44
徽都中藥材（Huidu zhong yao cai）,60,2.11,9.54
参庆堂,61,13.94,17.96
益延膳,62,1.45,2.26
物择堂,63,5.04,4.08
杞里香（Qi Li Xiang）,64,2.81,21.09
倪海厦,65,1.90,1.69
通用,66,4.02,6.89
老金磨方,67,2.58,21.97
金枫露·生命黄金,68,0.70,0.00
蓉森林,69,0.96,2.24
兆丽健营养生活（Mega Max Nutrition Life）,70,1.09,0.55
大方天麻 DA FANG GASTRODIA ELATA,71,0.43,0.92
佰草令（BAICAOLING）,72,6.72,13.61
南京同仁堂,73,3.45,5.17
福记坊,74,7.70,8.70
国药,75,1.65,7.63
康创优品,76,1.88,0.00
严元堂,77,16.48,11.63
白云山,78,8.91,8.43
百华源,79,6.04,2.69
丽天承,80,10.87,13.38
南同九坊,81,12.89,13.49
虫小沐,82,2.31,2.23
怀先生,83,13.60,15.77
从容硬对（CongRongYingDui）,84,4.45,5.99
沪仁堂,85,3.50,1.69
L-CALORIE,86,8.78,6.23
healthdream,87,2.50,7.14
李时珍,88,4.03,7.14
泽泓斋,89,1.39,8.22
朕皇,90,5.25,13.26
渭水鸿（weishuihong）,91,6.06,12.47
金丝耳,92,3.21,5.23
庆祁堂,93,10.39,20.44
善固益,94,5.82,4.99
松山堂,95,0.91,6.67
敬贤堂（JINGXIANTANG）,96,9.55,12.87
雄在,97,6.49,5.29
通用,98,6.23,7.38
优美达（UMETA）,99,0.41,0.69
尔娅贝,100,1.29,3.13
墨源（moyuan）,101,7.71,14.11
初湛（Chuzhan）,102,2.27,1.59
仲药匠,103,1.98,7.73
漠北至尊,104,2.15,1.83
Aehig,105,0.58,1.56
味琳琅,106,2.78,1.64
百灵鸟,107,9.86,8.95
南京同仁堂,108,2.27,2.32
品自端,109,4.26,7.50
广济堂,110,3.43,9.36
祖医堂,111,0.59,2.13
康佩恩,112,10.99,9.65
康裕尊,113,6.60,8.80
喜纯,114,5.11,18.89
宜露,115,7.00,4.95
膳鼎祁,116,5.88,2.57
高原安,117,13.78,18.00
粮粹,118,6.59,8.25
韩太医,119,0.64,0.52
劲家庄（JinJiaZhuang）,120,14.98,14.08
御九华,121,5.77,3.97
泽信堂,122,3.58,6.56
通用,123,1.81,0.76
养年华,124,10.87,18.08
宝子乐,125,2.60,16.73
磊祥庄,126,5.68,9.19
冬海红,127,3.04,5.15
宝桑园（bosun）,128,3.41,6.49
徽京华尊,129,15.70,7.56
优卓,130,5.98,12.69
健颐年,131,5.65,4.80
赖家园,132,0.22,1.75
执中,133,2.10,0.18
舒宜滋,134,3.23,8.94
馋沐源,135,4.61,8.96
万太医,136,0.63,5.84
花姐食养,137,8.40,14.46
举铁先生,138,8.46,14.59
纽恩堂,139,11.80,14.96
九春堂（JIUCHUNTANG）,140,1.26,7.43
向小北,141,1.42,0.00
读山,142,1.10,0.90
怡美堂,143,9.07,12.41
文择轩,143,4.06,15.66
中华老字号,144,3.73,1.08
佑比恩,145,0.39,0.00
品粹堂,146,6.16,5.60
BM;波密天麻,147,2.26,1.13
野山秋,148,9.42,5.64
原生极,149,6.13,8.27
邮政农品,150,11.20,2.53
南方黑芝麻（NANFANG BLACK SESAME）,151,6.19,10.56
驼乡臻宝,152,3.65,4.70
牧蓉人,153,2.92,2.06
国药,154,7.30,6.47
美恩元,155,23.41,7.10
高原红土,156,0.51,1.10
糖亭,157,1.40,1.21
唯寻康,158,1.26,0.45
素养生活,159,7.40,22.63
东来美,160,11.16,13.99
仙农山,161,2.63,3.94
聚和泰,162,3.56,21.21
蚬壳胃散,163,2.35,4.46
极盏,164,2.46,13.03
知心奶奶,165,5.56,15.12
北同传奇,166,8.71,8.17
流贝,167,1.92,3.33
维特健灵,168,6.97,4.43
趣医森,169,6.60,14.55
花色堂,170,1.82,1.81
甘陇人,171,1.48,6.31
仁和,172,9.25,6.63
存轩堂,173,3.77,4.89
锟霖屹,174,3.12,1.75
张弓,175,4.20,0.49
青屏堂,176,5.61,15.14
BINKING,177,1.67,12.82
七補 七补,178,1.94,1.85
速立久,179,1.18,3.70
古方食养,180,1.79,2.45
璞匠,181,6.62,17.98
陇膳堂,182,2.04,4.85
精力沛（jinglipei）,183,1.43,10.22
珈祁堂,184,5.29,9.38
素臣（SUCHEN）,185,4.95,5.35
量和堂,186,12.18,9.33
仁景全,187,12.50,12.63
仰甘元,188,9.39,3.64
科瑞欣,189,0.67,5.95
绿金家园,190,5.95,5.82
世颐堂,191,1.61,5.56
杜材,192,3.16,4.38
聚修堂（JUXIUTANG）,193,9.08,10.80
其它,194,3.90,4.13
HOT,195,2.40,2.54
李时珍,196,8.15,14.85
贡苑,197,8.15,3.56
养氛,198,1.83,5.31
冠品园（guanpinyuan）,199,2.04,4.37
小葵花妈妈,200,6.34,5.64
鲜虞坊,201,3.42,3.23
禾韵春,202,0.80,0.00
弘礼堂,203,3.24,15.88
欣熠堂,204,2.59,2.24
怀山堂,205,6.93,8.79
京羿,206,8.07,10.07
磨坊奶奶,207,1.96,8.25
五红,208,10.75,8.29
美国（Naturade）,209,1.54,0.66
桂佰康,210,2.72,12.88
桑维劲,211,14.76,4.38
阳威堂,212,4.88,3.85
正野山,213,6.16,9.01
如是心,214,4.97,3.40
胡庆余堂,215,2.30,18.40
济生元（JSY）,216,2.59,10.08
忆味养,217,3.83,5.45
1,218,6.01,0.58
茯济堂（FUJITANG）,219,4.50,4.70
艾康沙棘,220,3.88,5.85
执雍堂,221,0.93,1.28
云上山溪,222,1.38,5.22
贵芸,223,3.10,11.28
AAZ,224,6.00,11.27
通用电气（GE）,225,6.15,1.43
汪特,226,3.85,0.33
1,227,2.81,0.00
粗栗树（CULISHU）,228,6.73,2.69
西域美农,229,8.98,27.58
乳峰山,230,2.49,0.54
元岐,231,0.91,4.48
说客,232,3.70,5.49
睿济堂,233,1.56,0.88
贵妃颜,234,0.89,4.69
仟农仟滋,235,6.01,25.59
南疆巴朗,236,6.41,11.66
广禾堂,237,0.61,2.38
口良,238,3.09,6.13
颜禾姬,239,11.99,1.83
滋时,240,1.15,7.79
庚寿堂,241,2.92,6.22
甄养官,242,1.20,5.13
金桔,243,5.79,4.96
川珍,244,6.70,15.42
随食养,245,7.02,3.92
七丹,246,0.59,0.00
希冬堂,247,18.12,6.14
着昂,248,1.29,3.90
观融堂,249,2.68,1.26
京膳力,250,4.85,12.46
靠农庄,251,8.90,8.19
景硕,252,2.78,4.38
康信制药,253,1.45,11.25
蜜响,254,10.23,25.09
宁之春,255,2.65,12.41
从容唯品,256,3.78,5.15
花小泡,257,3.27,19.76
谷诚假日,258,4.28,3.69
三京堂,259,4.53,1.75
敬修堂,260,3.69,5.95
poiiy,261,10.27,0.97
澳佳宝（Blackmores）,262,2.11,7.62
黔同济堂,263,5.11,10.67
百消丹,264,4.77,2.12
和道家,265,4.17,0.51
蕴青堂,266,1.22,17.24
享久,267,2.88,2.21
邢郡,268,11.19,7.10
边塞楼兰,269,2.14,3.03
碧观堂,270,0.97,0.00
齐玉堂,271,2.13,1.02
原方,272,7.59,4.01
崹艼,273,7.06,2.48
易天健,274,3.48,0.63
同仁堂,275,5.33,7.44
内廷上用至臻,276,12.62,2.50
施妍尼,277,3.54,6.45
脑白金,278,1.11,0.00
药济天下,279,4.03,5.75
源地珍,280,7.76,13.81
福茗源,281,6.52,10.39
欢诺多,282,6.12,5.00
润弘永堂（RunHongYongTang）,283,5.61,7.59
百合,284,5.54,14.59
味滋源,285,10.39,16.78
Layanana,286,2.40,0.00
有仁堂,287,4.18,4.60
佰利红叶,288,3.91,13.04
徽磬堂（HUIQINGTANG）,289,8.14,10.27
汇仁,290,1.07,0.00
雪甄汇（XUEZHENHUI）,291,4.48,3.98
五和医养堂,292,5.52,9.26
醉谷堂,293,3.18,2.42
霍芝上,294,7.02,7.66
跃莱牌,295,6.82,2.63
阡亩良茗（QIANMULIANGMING）,296,1.88,6.85
鹿九元,297,12.31,2.55
怀盛兴,298,1.93,1.37
李时珍,299,7.91,3.34
捷氏（Jesitte）,300,8.60,13.93
泰山无恙堂,301,2.23,2.41
化橘红,302,7.35,1.47
昊聚德,303,1.43,3.77
创帝,304,3.10,5.41
适元臣,305,4.07,6.21
老中醫,306,4.01,2.82
朕雄,307,7.55,1.13
疆蓉源,308,0.46,0.00
Swisse,309,1.46,2.00
东方红,309,4.12,0.71
华佗牌（Hwato）,310,4.27,9.72
修正,311,4.41,8.84
绿谷明珠（LUGUMINGZHU）,312,1.62,0.00
九物道（JIUWUDAO）,313,0.86,3.57
煜树,314,7.15,7.46
涌益堂,315,8.72,20.94
小羊森林,316,7.38,12.82
养正堂,317,7.69,4.51
鲁王,318,11.87,16.53
奇物,319,6.48,10.84
永富,320,6.30,14.36
庆献堂,321,5.95,19.13
陈李济,322,3.58,10.91
宛屿,323,2.40,12.33
绿的脉络,324,3.42,9.62
凰聚棘,325,5.49,0.60
王小珥,326,8.02,2.47
草木方（CaomuFang）,327,10.16,10.10
饶健安,327,1.42,4.65
合为养,328,3.68,3.60
可尝,329,2.28,1.47
苗御顺,330,1.05,0.00
京东兴堂,331,3.92,11.40
胃仙U（WEISEN-U）,332,3.24,0.00
鲜丰春,333,19.66,10.57
VICTORY WARRIOR,334,1.59,0.00
健养时佳,335,2.77,5.13
赖斯康（L-SKANG）,336,0.43,0.00
敖东,337,11.53,5.90
唯昱记,338,5.93,20.25
怀参源,339,3.76,13.59
呀啦嗦,340,5.04,6.52
华北制药（NCPC）,341,2.67,0.00
华佗,342,4.59,2.40
善维森,343,11.68,9.12
凤的,344,12.02,9.60
可益康,345,4.94,7.58
敏昂（M）,346,7.82,23.56
斛老仙,347,7.73,2.93
禧旗,348,1.25,0.00
沙漠仙草（SHAMOXIANCAO）,349,2.74,4.17
秦建国,350,3.71,1.03
熙溪,351,3.37,4.55
探爽,352,1.47,0.00
黑金刚,353,5.01,5.51
南京同仁堂,354,4.88,3.25
STRONG 204,355,3.65,10.87
天三奇,356,3.34,1.19
怀铁,357,4.15,3.85
汉谯堂,358,10.68,5.70
伊利,359,2.08,0.00
震伟堂,360,1.63,0.00
玲珑序,361,4.55,7.21
怡禧堂,362,2.23,1.85
松丁,363,15.72,3.18
苏根（SUGEN）,364,9.56,10.92
天山菇娘,365,0.68,0.00
南京同仁堂,366,2.70,0.00
百邦,367,5.78,5.19
仲景（ZJ）,368,3.68,2.35
慈诺,369,0.48,0.00
补养堂,370,11.97,9.49
怡品纯,371,3.25,12.16
华佗恩泽,372,10.00,8.41
立爱,373,3.69,3.61
五蜈蚣标（Takabb）,374,5.18,4.35
疆沃鲜,375,2.48,7.27
达心堂,376,4.71,4.81
益主角,377,8.26,21.79
张太和,378,2.64,0.00
美康堂,379,1.60,0.00
旌川,380,12.85,16.54
知安和,381,3.65,1.30
祥悦林,382,5.23,1.83
红膳房,383,10.42,7.83
沁昱堂,384,3.23,2.99
ZSS,385,28.16,8.76
仁心食匠,386,3.54,10.96
正安国,386,2.72,1.79
中华牌,387,20.24,3.41
橘星,388,3.25,4.55
东阿阿胶,389,3.38,2.94
述述云,390,3.98,11.25
南京同仁堂,391,5.35,10.28
欧扎克,392,6.98,13.67
玉元丹,393,8.30,4.24
以岭（YILING）,394,4.48,2.30
中澳菊花,394,3.24,6.35
沈家村（SHENJIACUN）,395,6.77,13.74
祁桂堂,396,2.64,3.92
存誉堂,397,2.34,2.22
达利园,398,4.17,5.00
味裕欣,399,2.04,0.00
东居堂,400,3.21,0.00
南京同仁堂,401,1.98,0.00
景鑫恒,402,2.80,0.00
伊禧堂（YIXITANG）,403,5.71,12.26
金木集团,404,6.39,6.78
卫元堂,405,9.53,1.15
御芝林,406,12.42,2.68
皇世医,407,7.42,6.02
慈诺（CINUO）,408,3.50,16.13
阳力元（yangliyuan）,409,4.70,0.00
羚锐（lingrui）,410,4.96,0.00
中宁枸杞,411,3.08,16.98
星禾堂,412,2.22,5.26
恒升（HS）,413,3.06,9.62
怀食坊,414,4.76,13.58
医济天下,414,8.88,3.31
广誉远,415,2.15,2.78
晓意,416,4.09,11.76
温舒方,417,9.71,5.00
芝药六堂,418,2.38,2.56
林宝仙珍（LINBAOXIANZHEN）,419,4.28,8.70
童涵春堂,420,7.13,0.00
寻山人,421,8.77,9.29
杞硕,422,5.76,15.22
采乐,423,3.21,1.96
御信堂,424,6.48,4.85
養瑞和,425,9.88,1.31
华喜达（HUAXIDA）,426,13.94,9.30
九珍堂,427,2.41,5.41
铂尚,428,9.19,5.00
红桃K,429,12.06,0.55
益乾,430,8.26,9.68
婷轻松,431,10.24,1.97
藤彦制药,432,1.96,3.45
同济堂,433,5.24,3.95
老中医,434,10.34,4.00
汉钰霖,435,7.94,0.88
仁迪,436,13.12,3.19
百日山,437,4.29,0.00
李时珍,438,2.35,6.06
泷御堂,439,2.64,8.11
熹梦圆,440,3.07,20.93
款,441,4.76,6.06
橘香世家,442,3.13,0.00
慢严舒柠（MINT）,443,8.53,17.09
贝因美（Beingmate）,444,7.82,0.00
百印堂,445,10.84,6.76
京都荟仁堂,446,5.51,4.00
滋熙堂,447,0.52,14.29
丽蜂堂（LIFENGTANG）,448,17.15,0.87
老农杞,449,3.97,1.89
冯了性,450,2.67,5.71
舒养初,451,14.05,7.82
公和堂,452,10.53,5.97
圣仁膏坊,453,11.67,3.38
百晓生,454,4.34,5.45
保元德,455,4.71,15.25
醉班河,456,3.61,0.00
仲景,457,9.62,5.08
唐玉（TANGYU）,458,4.34,5.66
采芝林,459,0.49,0.00
映棠,460,1.58,10.53
娃哈哈,461,3.58,0.00
玫西白,462,5.59,2.99
陇萃堂,463,3.54,4.76
九阳豆浆（Joyoung Soymilk）,464,10.81,21.09
黑骨藤,465,10.82,3.17
新养集,466,2.16,20.00
万般宜,467,12.44,16.67
赤康,468,51.30,8.98
赫赞堂,469,0.80,0.00
儿济健康,470,3.10,5.71
香丹清,471,3.73,0.00
整康,472,5.28,6.78
Bio Island,473,1.62,0.00
专业药房（SPS+）,474,13.62,5.96
宜安堂,475,4.52,2.00
翎芸,476,2.09,4.35
山王果,477,13.58,2.01
善医五行,478,7.49,0.00
千方佰草集,479,9.25,12.87
粮讯,480,1.48,0.00
严熙堂,481,4.44,6.25
南京同仁堂,482,4.20,2.22
华润三九,483,8.14,6.90
同安堂,484,6.75,2.78
太仲堂,484,5.06,5.56
完美（PERFECT）,485,3.57,5.26
RRVM,486,20.45,8.80
安结生,487,18.57,3.59
园中宝,488,4.92,17.65
维乐熙,489,6.20,7.81
易德安,490,5.93,1.67
滋膳力,491,9.11,4.35
天龙峰,492,6.55,1.52
宣珍堂,493,1.39,7.14
国药药材 SINOMED MEDICA,494,13.46,10.53
万宁（mannings）,495,2.84,0.00
枣能,496,0.41,0.00
木兰拾遗,497,6.87,4.62
鹤年堂,498,20.02,4.23
华佰医,499,2.23,4.76
林御医,500,2.98,0.00
山滋情,501,8.75,4.88
逍遥安,501,0.85,12.50
静怡安,502,1.28,0.00
颜渝,503,3.71,5.88
华佗足迹,504,3.06,7.14
张国周,505,4.40,2.50
北京,505,0.44,0.00
福尔,506,9.92,5.56
卫芝林,506,5.84,1.89
桐花堂,507,5.75,7.69
扁治药业,508,18.03,18.40
奈氏力斯,509,0.66,0.00
九抋堂,510,8.80,7.59
元夕颜,511,9.96,4.49
京辉,512,2.61,21.74
善严康,513,6.41,1.79
GEETOP,514,2.64,0.00
伍福家园,515,7.64,0.00
丰义,516,5.26,2.22
葵花,517,3.17,11.11
京都安顺堂,518,13.41,14.04
五立,519,10.12,4.71
好恋你,520,6.46,3.70
正玺堂,521,4.92,7.32
老中医（LAOZHONGYI）,522,3.97,9.09
婉明,523,4.51,0.00
李时珍,524,4.66,7.89
纤姿燃版,525,1.12,0.00
欧玺顿,526,13.00,7.69
月娇娘,527,1.63,0.00
PESK,528,17.22,8.15
康佑实,529,16.26,15.08
小葵花妈咪爱,530,6.50,4.00
威力臣,531,9.99,2.63
宫廷序,532,0.53,0.00
乐钦,533,8.63,9.23
南京同仁堂,534,9.63,4.17
康恩贝,535,3.13,0.00
L,536,1.78,0.00
茵佳润,537,4.82,5.71
智力冠,538,13.83,8.00
雪莲花,539,11.10,5.00
白兰氏（Brands）,540,6.26,2.22
华药祖,541,4.47,0.00
绪季(XUJI),541,8.24,0.00
陌上花开,542,1.41,10.00
穆拉德（Ferid Murad）,543,5.08,0.00
道养智,544,3.97,0.00
伴悦行,545,2.72,5.26
益民堂,546,8.61,3.33
雅培（Abbott）,547,1.74,0.00
洗象堂,548,12.94,13.48
ESKIE,549,15.87,5.50
益今养,550,11.22,11.69
21金维他,551,13.20,5.56
金蓓高,552,9.72,1.52
禾博尔,553,4.31,6.90
九芰堂,554,5.36,0.00
邓老金方,555,2.99,0.00
豪药,556,1.51,0.00
澜锐堂,557,4.87,3.13
宫延楼,558,3.07,0.00
仙芝楼（XIANZHILOU）,559,2.61,0.00
方回春堂,560,5.73,0.00
信任堂,561,5.43,5.71
大岳仙山,562,2.34,0.00
金枫露,562,7.01,2.22
御谷集,563,3.63,4.35
上水井,564,4.91,3.23
太和洞,565,3.81,4.17
湘尔康,565,1.11,0.00
乐白白,566,2.74,11.76
汤臣倍健（BYHEALTH）,567,1.46,0.00
麟养堂,568,2.27,0.00
徽天赐,569,3.92,0.00
草木清源,569,14.85,14.29
乐赛仙,570,4.58,0.00
宜享健康,571,20.03,13.11
季择（JIZE）,572,8.55,0.00
ISDG,573,3.14,5.26
HealthyCare,574,2.67,0.00
华佗足迹,575,3.01,0.00
尚医铭草,576,10.85,1.56
涅都,577,2.89,0.00
淳滋堂,578,2.91,35.29
水木泰和,579,4.97,0.00
姜来无忧,580,2.75,0.00
美媛春,581,1.91,9.09
益仁春,581,5.73,3.03
迪美兰（DIMEILAN）,582,8.26,2.13
国药健康,583,3.91,0.00
湘锦堂,584,16.42,12.22
李良济,585,3.69,0.00
信邦,586,5.61,0.00
旺粹,587,4.50,0.00
瑞福生,588,2.45,0.00
午时药业,589,13.96,1.37
GYJKGL,590,2.50,7.69
太阳神（APOLLO）,591,6.94,2.78
金鸡,592,6.77,2.86
帮,593,5.65,0.00
桃里溪,594,2.55,0.00
御纤颜,594,5.69,0.00
合清凤,595,22.79,2.59
DAKN,595,27.90,7.04
香港大药房,596,5.91,13.33
天喜堂（Tin Hee Tong）,597,9.52,0.00
喜纯,598,13.12,3.03
宾皇,598,3.18,0.00
金豆芽,599,4.40,0.00
百芝堂,599,1.00,0.00
三麦轻,600,8.65,2.33
健美生（Jamieson）,601,1.83,0.00
滨药,602,13.29,3.08
WARSA,603,0.61,0.00
三九,604,2.48,0.00
关德兴,604,1.24,0.00
岷杞阁,605,7.68,2.70
杏林草堂,606,4.57,4.55
PIPING ROCK,607,1.72,0.00
全倍健,607,3.43,0.00
因心堂,607,10.09,17.02
五塔标,608,9.48,4.55
鼎芝毅,609,10.39,4.17
养生堂,610,2.39,0.00
山林百草（SHANLINBAICAO）,611,7.44,5.88
WONDERS KELLETT FILMS,611,3.94,0.00
万景石岩,612,6.14,3.57
金木,613,6.15,3.57
SLEMA,614,11.89,0.00
皇菴堂（Huang An Tang）,615,15.11,5.88
日臻向膳,616,0.89,0.00
圣曦和,617,3.37,0.00
五谷畅享（WUGUCHANGXIANG）,618,2.70,16.67
Life Space,619,2.05,0.00
纯窝,620,6.98,10.00
华大营养（BGI•Nutri）,621,0.70,0.00
中养初,622,0.94,0.00
香港大药房,623,4.25,0.00
雅丽百花缘,624,1.65,0.00
美林（Mellin）,625,7.14,0.00
九春制药,626,8.15,2.94
皇汉堂（KOKANDO）,627,6.97,6.90
福记坊,628,2.65,0.00
御君享,629,2.43,10.00
西知堂,630,4.17,11.76
云南白药（YUNNANBAIYAO）,631,2.96,0.00
苗芝宝,632,9.63,0.00
江绿,633,7.94,9.38
百婉集,633,8.68,2.86
山姆 SANM,634,1.25,0.00
楼上,635,0.50,0.00
天天轻,635,1.26,0.00
碧生源,636,2.02,12.50
珍缘堂,637,5.06,10.00
草珊瑚,638,3.81,6.67
品吉味,638,9.39,0.00
阅鉴本草,639,0.51,0.00
四宝,640,5.63,9.09
绿澳佳,641,14.10,0.00
拜耳（BAYER）,642,7.49,3.45
淳芝宝,643,1.84,0.00
宝芝林,644,1.84,14.29
古苒,644,4.21,18.75
哈药,645,1.86,0.00
修正,645,0.80,0.00
骉祥,646,2.67,0.00
洑记,647,8.89,12.12
广益,648,7.03,3.85
紫一（ZINGY）,649,0.82,0.00
乐元升高,650,2.73,10.00
百年堂,651,9.62,2.86
京丈,652,62.71,5.73
力存,653,3.90,0.00
恒瑞,654,7.58,0.00
磨坊奶奶,655,1.13,0.00
佰家珍品（BAIJIA ZHENPIN）,656,2.55,0.00
冯小二 冯 二,656,4.25,0.00
唯源素,657,3.14,9.09
丽美思,658,9.46,3.03
瑞倪维儿（Rinawale）,659,5.17,0.00
涵鹭,660,4.32,6.67
香港大药房,660,3.75,0.00
轻适康,661,0.58,0.00
氏蜂社,662,6.47,9.09
承庆堂（chengqingtang）,663,5.62,21.05
千翁堂,664,2.98,20.00
尔娅贝,665,3.58,0.00
金诃,666,11.68,7.69
紫鑫,667,3.00,0.00
禾月礼,668,3.31,0.00
国康大 SINO HEALTH,669,4.28,0.00
昆仑牧场（KUNLUN PASTURE）,670,5.21,0.00
泽和堂,671,6.77,9.09
御衙,672,10.63,17.65
Sunoyar,672,5.00,0.00
谯景,673,4.70,0.00
广药白云山,674,16.72,0.00
普丽普莱（Puritan's Pride）,675,2.22,0.00
中科,676,13.78,0.00
小葵花（XIAOKUIHUA）,677,5.28,0.00
东花姬,677,14.19,11.63
好立美（holybaby）,678,1.66,60.00
阿苏勒,678,18.87,1.75
流传金方,679,2.01,0.00
汤膳师,680,1.69,0.00
享久,681,2.72,12.50
鑫全康,682,5.94,11.76
药都回春堂,682,5.24,20.00
木月古余堂,682,1.40,25.00
智力,683,4.58,7.69
亳汉堂,684,6.38,5.56
白云山花城,685,2.51,14.29
宏济堂,686,1.82,20.00
六养（LIUYANG）,686,32.48,11.24
亳泽堂,687,2.93,0.00
奇鹤,687,1.47,0.00
君汉药业,687,1.47,0.00
万通,688,5.93,6.25
和记黄埔,689,3.36,0.00
ERIC FAVRE,689,1.12,0.00
斯可莱（SCOLA）,690,3.40,0.00
禾田兴,690,7.17,10.53
三也真品,691,1.52,0.00
忆江南,692,18.63,6.12
福赐德,692,6.46,5.88
单济堂,693,10.73,3.57
南京同仁堂,694,3.47,11.11
河西女子（HE XI NV ZI）,695,2.71,0.00
驼闻天下,695,3.10,0.00
马百良,696,6.61,5.88
李万山,696,8.17,0.00
杏林,697,17.65,6.67
张家界,697,0.39,0.00
正橘堂（ZHENG JU TANG）,698,3.16,0.00
正安堂（CHING ON TONG）,699,2.38,16.67
何济公,700,1.20,0.00
怀庆堂,701,3.23,37.50
BLACK,701,2.42,0.00
自菅,702,0.40,0.00
益嘉适,703,2.85,0.00
艺佰岁,703,0.41,0.00
柏营堂,703,9.35,0.00
每日乔安,704,1.22,0.00
妍圣元 YAWHOYLO,705,9.02,0.00
东方格伦,706,11.11,0.00
享久,706,2.06,0.00
中盛,707,2.07,0.00
朗迪,708,5.86,7.14
舒嗖 RELAXSOON,708,1.67,0.00
古小圆,709,3.36,12.50
仙余粮泰尚黄,710,3.38,0.00
云露源,711,2.12,0.00
昕品方,712,3.85,0.00
医维他,712,3.85,0.00
九精哥,712,5.98,14.29
自然之宝（Nature's Bounty）,713,0.86,0.00
同益堂,713,3.45,0.00
御养师,714,3.46,0.00
康是美,714,32.47,14.67
橘小陌,715,1.74,0.00
伟博,716,0.00,0.00
葵花,717,2.20,0.00
恩久爱（enjoy）,717,2.64,0.00
内廷上用茶房,717,5.29,16.67
碧生源,718,7.08,0.00
摩音,719,2.22,40.00
盈养记忆,719,2.67,0.00
沛元,720,4.46,0.00
乐氏,720,14.73,9.09
千方百剂,720,12.95,0.00
北大荒,721,6.76,6.67
仁济堂（renjitang）,722,3.17,0.00
远方的梦想 YUANFANG DREAM,722,0.90,0.00
能量藤,722,15.38,26.47
六神,723,4.15,11.11
养森,723,6.91,0.00
燕之坊,724,2.31,0.00
晶草,725,8.37,11.11
疆农源,726,2.34,0.00
妈咪爱（oupai）,727,5.63,0.00
青腾,727,11.74,0.00
天狮,727,0.94,0.00
NOOBO,727,0.47,0.00
湘雅康尔福,727,9.39,0.00
天寿堂（TIEN SAU  TONG）,728,3.32,0.00
仙艾,728,3.32,0.00
公牛牌（BULL HEAD BRAND）,728,2.84,16.67
鑫康宝,729,31.40,0.00
益节（Move Free）,730,3.88,0.00
问慈堂,730,3.40,0.00
初元,731,3.90,0.00
仙鹤大叔,731,8.29,5.88
郢天,732,2.48,0.00
川宁（TWININGS）,733,2.49,0.00
冈田药业,733,1.49,0.00
赖李园,734,2.51,0.00
闫济堂（YANJITANG）,734,1.01,0.00
双迪,734,4.52,0.00
延本方,734,5.03,0.00
培季堂,734,6.03,0.00
富山薬品,735,0.51,0.00
ZSS,735,6.09,0.00
POQQ,735,3.05,0.00
小葵花,736,4.59,0.00
蒙牛（MENGNIU）,737,3.59,0.00
头牌,737,14.36,0.00
皇养堂,737,6.67,0.00
雪丹,738,5.18,20.00
待见,739,15.51,0.00
锦恩记,740,21.74,27.50
台乌（TAI WU）,741,4.37,0.00
纽斯康（nuscan）,742,7.69,0.00
金子,743,2.21,0.00
敖东,744,1.11,0.00
伊紫家,744,0.56,0.00
御坊堂（YUFANGTANG）,745,6.15,0.00
其他,745,2.23,0.00
国强,746,3.37,16.67
安利（Amway）,747,2.26,0.00
依马打,748,7.39,7.69
中国药材（SINO-TCM）,748,3.98,0.00
亳药古韵,748,1.14,0.00
源川堂,748,5.68,0.00
妙龄轻,749,2.86,0.00
马世良堂,750,5.75,0.00
金波士,750,1.15,0.00
亳赋堂,750,1.15,0.00
宝元堂,751,4.09,0.00
Inne,752,0.59,0.00
五谷新势力,752,2.94,0.00
绿金家园,753,6.51,9.09
百年医仁,753,7.69,0.00
魏仁堂,754,5.99,10.00
靠山庄,755,3.01,0.00
颂潮,755,4.22,0.00
岷州佰铭,755,0.60,0.00
山本漢方製薬株式会社,756,3.66,0.00
南京同仁堂,757,0.00,0.00
VLIDATE,757,1.85,0.00
TeaLife,758,7.50,0.00
康美,759,12.58,45.00
黄金海岸（GOID GOAST）,759,2.52,0.00
彤可欣,759,6.92,0.00
冠膳,759,6.29,0.00
万松堂（wansongtang）,760,6.96,9.09
古方,761,10.19,0.00
得久堂,761,22.29,2.86
庐奉,762,2.56,0.00
东方慧医（DongFangHuiYi）,763,12.26,5.26
茵宝莱,763,1.94,0.00
紫鑫名方,763,16.77,0.00
广药,764,7.14,0.00
CARLYLE,764,2.60,0.00
初仁堂,765,1.99,0.00
皖灿堂,765,1.32,0.00
SorLife,766,1.33,0.00
药济康（YAOJIKANG）,766,4.00,16.67
轩庆,767,4.73,0.00
邦院长,767,7.43,9.09
鸿恩本草,768,0.68,0.00
素秀臣氏,768,0.68,0.00
藏蜜,769,2.05,0.00
沛可（Payke）,770,6.90,20.00
替恩替,770,2.76,0.00
艾儿,771,2.80,0.00
仙姿果,771,2.10,0.00
白云山星群,771,2.10,0.00
力,772,2.11,0.00
TEAPIGS,773,2.13,0.00
施领膳全,773,0.71,0.00
泉元生,773,0.71,0.00
瑾方,773,3.55,0.00
忘岁山,773,9.93,21.43
朵太医,773,4.96,0.00
利君天使,774,5.71,0.00
益生元,774,2.14,0.00
小林制药（KOBAYASHI）,775,9.35,0.00
元大昌,775,9.35,23.08
平利绞股蓝（PINGLI GYNOSTEMMA）,776,0.72,0.00
Weider Prime,776,1.45,0.00
徽胜,776,2.17,0.00
三九医药 999,777,2.92,0.00
AJS Nutrition,777,6.57,0.00
国修堂,777,9.49,0.00
汉草玖宝,778,5.19,0.00
Fairvital,778,1.48,0.00
千吾堂,778,17.04,4.35
Little Remedies,779,8.96,8.33
滋品物语（zipinwuyu）,779,1.49,0.00
和治（HEZHI）,780,7.52,0.00
TOPPA,781,1.52,0.00
witsBB,781,0.76,0.00
徽药居,781,1.52,50.00
诺特兰德,782,4.58,0.00
吉斯琪,783,3.85,0.00
酸友,783,1.54,0.00
五洋丁,783,8.46,0.00
善师堂,783,10.77,21.43
巧舒宁,784,4.65,0.00
体恒健,785,17.19,0.00
凯镛,786,5.51,14.29
久降堂,786,5.51,0.00
光点,786,0.00,0.00
VENTRIFIT,787,2.38,0.00
御晴堂,787,0.79,0.00
多燕瘦,788,8.80,9.09
长食坊,789,4.84,0.00
东方（DONGFANG）,789,3.23,0.00
鹿藤,790,5.69,0.00
妮罗时代,790,0.81,0.00
中国药材,791,9.02,18.18
庚义堂,792,0.83,0.00
黄秋葵牡蛎,792,9.92,16.67
华佗仁善,792,4.96,16.67
黄金搭档,793,4.17,20.00
榮昌製葯,794,9.24,0.00
力克,794,5.88,0.00
康中尊,794,15.97,0.00
美芝仟,795,0.00,0.00
BLOOMCHIC,795,5.08,16.67
南京同仁堂,796,11.11,0.00
双11,797,1.72,0.00
仁和匠心,797,0.86,0.00
成长快乐,798,2.61,0.00
敖东城,798,3.48,0.00
YOUTHIT,798,0.87,0.00
金赐力,798,6.96,0.00
颜禾姬,798,17.39,0.00
如瘦,799,6.14,0.00
百年溪域,799,7.89,0.00
歌曼丽,799,19.30,0.00
协和,799,7.02,12.50
怀锦地,799,4.39,0.00
华北制药,799,7.02,25.00
虫恋草,799,7.02,0.00
京都念慈菴,800,2.65,33.33
华佗,800,6.19,0.00
南京同仁堂,800,1.77,0.00
鲜女人,800,4.42,0.00
国药药材,800,0.88,0.00
生加倍,801,11.61,0.00
清清本草坊,801,7.14,0.00
滋得洛夫（ZDOROV）,802,11.71,0.00
春锦秋鲤,802,1.80,0.00
石药,803,0.00,0.00
江中猴姑,803,3.64,0.00
NatureU,803,0.91,0.00
老农田,803,6.36,0.00
绿业 ,804,8.26,11.11
联合邦利（UNB）,804,1.83,0.00
宝芝林,804,5.50,0.00
智明聪,804,1.83,0.00
托康,804,21.10,0.00
魔音（MOYIN）,805,2.78,0.00
朵太医,805,7.41,0.00
多合,806,3.74,0.00
保中寶（BAOZHONGBAO）,806,1.87,0.00
世纪青青（SHIJIQINGQING）,806,2.80,0.00
吉萃元（JICUIYUAN）,806,3.74,0.00
芙补堂,806,11.21,0.00
怀顺堂,806,2.80,0.00
狼戈,806,2.80,0.00
诺瑞特,807,4.72,0.00
欢喜客,807,2.83,0.00
中粮,808,5.71,0.00
康兮寿兮（kangxishouxi）,808,12.38,0.00
筱木屋,808,7.62,0.00
杜燕堂,808,32.38,0.00
荟元堂,809,1.92,0.00
金七,809,1.92,0.00
艾瑞万,809,2.88,0.00
瑾方,809,8.65,0.00
怀知堂,810,11.65,25.00
南京同仁堂,810,12.62,0.00
膳必选,810,6.80,14.29
AQ,811,6.86,0.00
鹰牌（EAGLE'S）,811,3.92,0.00
张仲景,811,10.78,0.00
正德山,811,1.96,50.00
荣品源,812,2.97,0.00
英吉利（YingJiLi）,812,11.88,0.00
宝芝林（Pastoral）,812,3.96,0.00
天桂（TIANGUI）,812,1.98,0.00
仙叶谷,812,6.93,0.00
科克兰（KirkLand）,813,0.00,0.00
巧贝冠,813,9.00,11.11
OVZ,813,6.00,0.00
鹿仁源,813,24.00,8.33
一家人,814,6.06,0.00
康麦斯,814,6.06,0.00
御参坊（YuShenFang）,815,3.06,0.00
EZZ,815,0.00,0.00
GroupCare,815,55.10,1.85
奈力士,816,6.19,0.00
奇易时光,816,23.71,0.00
资养天下,816,1.03,0.00
爱思安,817,0.00,0.00
玺尊龙,817,0.00,0.00
绿养源,818,0.00,0.00
寿东方,818,4.21,0.00
SOTYA HEALTH SUPPLEMENTS,818,6.32,0.00
旭福（SCHIFF）,819,0.00,0.00
康露,819,14.89,0.00
悦优雅（IEOOYA）,819,8.51,12.50
国药特医,819,5.32,20.00
Lactrase,820,5.38,20.00
长甲百消丹,820,9.68,0.00
颐朴源,820,12.90,0.00
花允棠,820,21.51,0.00
S,821,3.26,0.00
Pedialyte,821,2.17,0.00
百果坚坚,821,3.26,0.00
广益森,821,3.26,0.00
香畴,822,7.69,0.00
芙顺堂,822,3.30,0.00
国药药材,822,0.00,0.00
瑞年（Real Nutri）,823,4.44,0.00
参灵草,823,3.33,0.00
拜特,823,7.78,14.29
FINE JAPAN,823,0.00,0.00
药知堂,823,3.33,0.00
活力达（forrida）,824,4.49,0.00
好健康（GOOD HEALTH）,824,0.00,0.00
双虾大东亚,824,0.00,0.00
烟立克,824,0.00,0.00
知御堂,825,9.09,0.00
尔之洋,825,5.68,0.00
国药工业,826,14.94,0.00
喜纯,826,5.75,20.00
盒补补,827,4.65,0.00
颜九真,827,27.91,8.33
迪巧,828,1.18,0.00
中智,828,4.71,0.00
容启堂,828,17.65,6.67
勃天下（BOTIANXIA）,829,0.00,0.00
雄起,829,1.19,0.00
金预康,829,11.90,0.00
正琯 正,829,3.57,0.00
固信堂,829,3.57,0.00
益可劲,830,0.00,0.00
李时珍,830,6.02,0.00
格宁大,831,0.00,0.00
诺奥（NOW）,832,3.70,0.00
潘高寿,832,6.17,0.00
双莲（Twin Lotus）,832,1.23,0.00
合百草（hebaicao）,832,3.70,0.00
WUEIS,832,0.00,0.00
花天谷,832,14.81,8.33
海王金樽,833,5.00,0.00
千林（TREERLY）,833,0.00,0.00
复真,833,5.00,0.00
百合康（BAIHEKANG）,834,5.06,0.00
邦瑞特（BANGRUITE）,834,1.27,0.00
南京同仁堂,834,1.27,0.00
咱家一品堂,834,3.80,33.33
娥罗讷英（Oronine）,835,10.26,12.50
片仔癀（PZH）,835,3.85,0.00
坚强,835,7.69,16.67
科明（KEMING）,835,1.28,0.00
北,836,9.09,0.00
茗谷九珍,837,1.32,0.00
七日畅体,837,0.00,0.00
麦金利（MCKIN）,838,4.00,0.00
喜宝（HiPP）,838,4.00,0.00
恩威万,838,1.33,0.00
单贝,838,6.67,0.00
国药草本,838,2.67,0.00
盛天蓉,838,13.33,0.00
御药济仁,839,0.00,0.00
三橡树,840,2.74,0.00
LINDBERG,840,1.37,0.00
轩泰医,840,5.48,0.00
龙巢（Dragonest）,841,2.78,0.00
极态,841,8.33,0.00
享久,841,2.78,0.00
爱仁康（IRENKON）,841,5.56,0.00
珍迪,842,4.23,0.00
绿叶,842,1.41,0.00
弘盈堂,842,9.86,0.00
比戈,843,5.71,0.00
泰谦堂,843,10.00,0.00
绽妍（JUYOU）,843,2.86,0.00
CELLERATOR,843,5.71,0.00
天蓉一号,843,1.43,0.00
富士（FUJIFILM）,844,7.25,0.00
尚八仙,844,0.00,0.00
BAMIT,844,2.90,0.00
DWDS,844,1.45,0.00
夜战神,845,1.47,0.00
白凤村,845,5.88,0.00
馨悠洁,845,0.00,0.00
南同绿金,845,1.47,0.00
米诗萱,845,0.00,0.00
巴马,846,13.43,33.33
瑞年,846,8.96,0.00
timeshop,846,0.00,0.00
轻舒朵,846,8.96,0.00
艾力妍色,846,26.87,5.56
芝许堂,846,7.46,0.00
金源,847,15.15,0.00
黄道益,847,0.00,0.00
SabSimplex,847,1.52,0.00
明一（wissun）,848,3.08,50.00
药辉堂,848,3.08,0.00
鹤古安,848,4.62,0.00
长通,849,6.25,0.00
本草制药,850,0.00,0.00
鲍记,850,0.00,0.00
颐方集,850,4.76,0.00
贺坤堂,850,25.40,0.00
同芙,850,1.59,0.00
杏宝林,850,4.76,0.00
健之佳,851,0.00,0.00
福牌阿胶,851,1.61,0.00
锦,851,0.00,0.00
健安喜（GNC）,852,0.00,0.00
安奇,852,6.56,0.00
克刻,852,8.20,0.00
缘来花开,852,0.00,0.00
三也真品,852,4.92,0.00
仲景堂,852,0.00,0.00
健普诺,852,0.00,0.00
健视佳,853,0.00,0.00
清适康,853,1.67,0.00
白云山,854,1.69,0.00
海康保健,854,1.69,0.00
雀巢（Nestle）,855,3.45,0.00
瑞太医,855,0.00,0.00
金牧初,855,20.69,16.67
盛力源（shengliyuan）,856,0.00,0.00
人字牌,856,1.75,0.00
姚本仁,856,0.00,0.00
藏虎哥,856,7.02,0.00
德承铭,856,7.02,0.00
用,857,0.00,0.00
百橘源,857,16.07,0.00
漢和銳興,857,0.00,0.00
东安太 精品,857,10.71,16.67
新稀宝,858,1.82,0.00
美澳健（MEIAOJIAN）,858,1.82,0.00
正官庄（korean red ginseng）,858,1.82,0.00
国药集团,858,3.64,0.00
康恩贝,858,0.00,0.00
至言良食,858,1.82,0.00
香港久兴（hongkongjiuxing）,859,1.85,0.00
百合康（BAIHEKANG）,859,7.41,0.00
美乐家,859,11.11,0.00
膳力多,859,9.26,0.00
创喜,860,9.43,0.00
仲景养生坊,860,5.66,0.00
舒所（SHUSUO）,860,9.43,0.00
寇元堂,860,1.89,0.00
海王,860,3.77,0.00
NATUREBELL,860,5.66,0.00
云芙阳,860,28.30,13.33
京都（jingdu）,861,5.77,0.00
太极,861,1.92,0.00
和汉（WAKAN）,861,1.92,0.00
黑马,861,1.92,0.00
千极药业,861,1.92,0.00
双心（Doppel herz）,862,0.00,0.00
麦金利,862,5.88,0.00
OIMG,862,0.00,0.00
康嘉诺,862,9.80,0.00
青颜博士（YOUNGDOCTOR）,862,1.96,0.00
强雪,862,0.00,0.00
ZHEN,862,11.76,0.00
自然生命（Natural life）,863,0.00,0.00
海王（neptunus）,863,0.00,0.00
白金油,863,0.00,0.00
Sanada Seiko,863,2.00,0.00
蛮大仁,863,8.00,0.00
品庆,863,2.00,0.00
燕广韵,863,6.00,0.00
金奥力,864,0.00,0.00
斯利安,864,2.04,0.00
亦舒堂,864,8.16,25.00
亚宝,864,4.08,0.00
一心堂,864,0.00,0.00
Doctor's best,864,4.08,100.00
百年福,864,0.00,0.00
脾牛,864,6.12,0.00
豫简,864,6.12,0.00
FoouBody,864,0.00,0.00
资膳堂,864,10.20,0.00
资御医,864,8.16,25.00
草本,865,4.17,0.00
福曦堂雪菊,865,4.17,0.00
润滋林,865,0.00,0.00
修洛恩,865,0.00,0.00
KORI,865,4.17,0.00
度俞,865,0.00,0.00
昂本,865,10.42,0.00
金赛,866,6.38,0.00
乐笙记（LESHENGJI）,866,8.51,0.00
SOLGAR,866,8.51,0.00
御手匠心,866,10.64,60.00
相伴宜久,866,14.89,42.86
禹品华光,866,0.00,0.00
医圣李时珍,866,2.13,0.00
J.TOP,866,4.26,0.00
槃世富贵 人参,866,0.00,0.00
乐家老铺,867,0.00,0.00
元秘-D（WONBI-D）,867,0.00,0.00
健洛特（HEALTH LOTT）,867,10.87,0.00
医丝塔,867,2.17,0.00
TRU NIAGEN,868,0.00,0.00
马晓年,868,4.44,0.00
康璐坊,868,4.44,0.00
贝乐康,868,15.56,0.00
中科,869,6.82,0.00
济州岛（THE SUN JEJU SINCE 1955）,869,4.55,0.00
金日,869,0.00,0.00
祁晓风,869,2.27,200.00
羽心堂（YUSUMTONG）,869,6.82,0.00
白云山星群,869,0.00,0.00
佰佳淇味,869,0.00,0.00
清心堂,870,0.00,0.00
Health Balance,870,0.00,0.00
后爱,870,0.00,0.00
泰开尔御品膏方,870,0.00,0.00
極尚（GS）,870,0.00,0.00
红颜生,870,0.00,0.00
正北,871,11.90,0.00
Nuskin,871,2.38,0.00
素森康（SIS CARE）,871,7.14,0.00
小杉命力,871,2.38,0.00
权新,871,4.76,0.00
益从容（Confidence in live）,871,0.00,0.00
润馨堂,871,21.43,33.33
资药堂,871,7.14,0.00
森山,872,4.88,0.00
信龙,872,2.44,0.00
蚂蚁农场,872,0.00,0.00
粮药,872,21.95,0.00
壹谷良坊,872,2.44,0.00
晓楚仁,872,9.76,0.00
垆宝阁,872,7.32,0.00
同薏堂,872,2.44,0.00
岷乡宝,872,7.32,33.33
巢之安,873,7.50,0.00
名实（medtek）,873,22.50,0.00
生命健（LIFE VIGOR）,873,0.00,0.00
Sudoku,873,0.00,0.00
i 棒,873,2.50,0.00
绿金家园,873,5.00,0.00
食同堂,873,0.00,0.00
原果U站,873,2.50,0.00
曲仙,873,7.50,0.00
皇巢纪（KINESTJER）,873,2.50,0.00
杏林优选,873,12.50,0.00
轻可丽,873,12.50,0.00
东方颐养,873,2.50,0.00
蒲公英,874,2.56,0.00
貢天府,874,2.56,0.00
理想,874,2.56,0.00
和记润元,874,2.56,0.00
MAEHUE,874,0.00,0.00
九翼天龙,874,5.13,0.00
甜睡,874,0.00,0.00
慈诺,874,2.56,0.00
春和荟,874,5.13,50.00
挪威小鱼（Nordic naturlas）,875,0.00,0.00
微生慧,875,2.63,0.00
白云山星群（Baiyunshanxingqun）,875,5.26,0.00
宫庭九尊堂（GONGTINGJIUZUNTANG）,875,0.00,0.00
海王优品,875,13.16,0.00
健高素,875,10.53,25.00
倍诺德,875,5.26,0.00
ABKW,875,5.26,0.00
绿瘦（LVSHOU）,876,0.00,0.00
鲜蓉,876,2.70,0.00
京都,876,8.11,0.00
漳小棘,876,0.00,0.00
鹊和堂（quehetang）,876,8.11,33.33
妙爱堂,876,0.00,0.00
默小吉,876,2.70,0.00
嫣虞堂,876,2.70,100.00
国珍,877,0.00,0.00
古渡保和堂,877,11.11,0.00
无（AUFU）,877,13.89,0.00
Oppuland,877,0.00,0.00
艾益,877,0.00,0.00
农家,877,0.00,0.00
星鲨,878,0.00,0.00
珮夫人,878,0.00,0.00
香粉缘,878,5.71,0.00
燕福元,878,0.00,0.00
果色茶乡,878,5.71,0.00
宋家沟,878,20.00,0.00
良医时珍,878,5.71,0.00
宏怀堂,878,5.71,0.00
Hin Sang,878,11.43,0.00
辅舒良,879,8.82,0.00
新光,879,14.71,0.00
环球宝贝,879,0.00,0.00
心宝,879,8.82,0.00
松草堂,879,0.00,0.00
黄金酷芭,879,2.94,0.00
贵胶堂,879,2.94,0.00
健五位,879,0.00,0.00
灵壹禾,879,0.00,0.00
健贝说,879,2.94,0.00
玖王金樽,879,0.00,0.00
古谯御膳,879,5.88,0.00
九多堂,879,2.94,0.00
小蓝星球,879,8.82,66.67
艼灵,879,2.94,0.00
邈泽堂,879,17.65,0.00
金诺贝婴,880,0.00,0.00
顶济堂,880,6.06,50.00
邹润安,880,3.03,0.00
永效,880,12.12,0.00
艾多美（ADM）,880,30.30,0.00
Vitavea,880,0.00,0.00
世医芳堂,880,0.00,0.00
仲燕堂,880,3.03,0.00
北方阳光,880,0.00,0.00
OLIOSEPTIL,880,3.03,0.00
衍生,881,6.25,0.00
感性时刻（SEMO）,881,12.50,0.00
草本元素,881,3.13,0.00
正大天晴,881,9.38,33.33
华佗拾遗,881,6.25,100.00
五福,881,6.25,0.00
葵花小博士,881,6.25,0.00
本草飞扬,881,3.13,0.00
FINE,882,0.00,0.00
雅力斯（YALISI）,882,0.00,0.00
千泉,882,6.45,0.00
葵花药业,882,12.90,0.00
神奇,882,6.45,0.00
佳思敏（Nature's Way）,882,0.00,0.00
天然博士,882,3.23,0.00
早康,882,3.23,0.00
左匹克隆,882,0.00,0.00
梦岭南,882,9.68,0.00
岷农人,882,0.00,0.00
纤元力,882,29.03,33.33
HEALTHY CARE,882,0.00,0.00
楼隐上,882,3.23,0.00
福格森,883,0.00,0.00
蒲公英,883,10.00,33.33
沁人缘,883,6.67,0.00
甄选拾味,883,6.67,0.00
素儿美滋,883,0.00,0.00
庆余堂,883,3.33,0.00
LIFE EXTENSION,883,0.00,0.00
颂知颜,883,3.33,0.00
福熙源（FuXiYuan）,884,3.45,0.00
Insubalance,884,0.00,0.00
德国汉堡 金氏药厂,884,0.00,0.00
巴比兔,884,3.45,0.00
JLP,884,41.38,8.33
蕴青堂,884,0.00,0.00
药都扁鹊堂,884,0.00,0.00
茯仁青,884,6.90,0.00
成铭健源,884,0.00,0.00
芬百林,884,3.45,0.00
善有加,885,10.71,0.00
皇菴堂,885,0.00,0.00
羚医生,885,3.57,0.00
富硒康,885,10.71,0.00
协和花,885,3.57,0.00
福寿康宁,885,10.71,0.00
立适康,885,0.00,0.00
固源草,885,14.29,0.00
Mitoq,886,3.70,0.00
伊美堂,886,0.00,0.00
益食膳,886,0.00,0.00
秘古颜（miguyan）,886,3.70,0.00
澳美製藥,886,22.22,0.00
SKINIX,886,7.41,0.00
覃怀地,886,25.93,0.00
古养关,886,0.00,0.00
微买堂,886,11.11,0.00
立爱,887,15.38,0.00
威士雅,887,0.00,0.00
蜀中,887,7.69,0.00
绿森林,887,0.00,0.00
国药集团 天目湖药业,887,0.00,0.00
natAmour,887,3.85,0.00
仲云堂,887,0.00,0.00
乐了（indie pure）,887,0.00,0.00
元气达人,887,7.69,0.00
MAMA MUJER,887,3.85,0.00
彩桃,887,0.00,0.00
百祺堂,887,7.69,0.00
卓正儿康,887,30.77,25.00
世宴,887,0.00,0.00
鑫源,887,0.00,0.00
冠峰,888,4.00,0.00
保龄宝（baolingbao）,888,12.00,0.00
健都,888,16.00,25.00
伊可新,888,0.00,0.00
索恩（Thorne）,888,0.00,0.00
从仁堂,888,4.00,0.00
Unichi,888,0.00,0.00
施儿佳（SHELCA）,888,0.00,0.00
五味集,888,8.00,0.00
乌元康,888,0.00,0.00
GENEX FORMULAS,888,0.00,0.00
千龙源,888,0.00,0.00
美济方,888,0.00,0.00
李时珍,888,48.00,16.67
香港药房,888,8.00,0.00
温元记,888,36.00,11.11
同祈堂,888,8.00,0.00
钙尔奇（Caltrate）,889,0.00,0.00
森永（Morinaga）,889,4.17,0.00
放鹤洲,889,12.50,0.00
联邦制药,889,4.17,0.00
花城,889,0.00,0.00
戈宝红麻,889,16.67,0.00
协和京品,889,8.33,0.00
布漫生物,889,4.17,0.00
国药药材,889,0.00,0.00
鑫慷恩,889,4.17,0.00
大时泰,889,12.50,0.00
汇贝舒,889,0.00,0.00
善存（Centrum）,890,0.00,0.00
美罗,890,21.74,0.00
飒枫,890,34.78,0.00
肺立清,890,0.00,0.00
英贝健,890,8.70,0.00
温释,890,4.35,0.00
愛完全（WholeLove Plus）,890,0.00,0.00
祖雪堂,890,0.00,0.00
鹿孝堂,890,8.70,0.00
和同坊,890,8.70,0.00
泰元道（TOPYONDOR）,890,4.35,0.00
坤兑堂,890,0.00,0.00
圣元天宝,890,13.04,0.00
SANCT BERNHARD,890,0.00,0.00
阿尔发,891,13.64,0.00
华药堂,891,0.00,0.00
Bio-E,891,4.55,0.00
华佗,891,0.00,0.00
余济医药,891,4.55,0.00
金木同源（JIMON TONG YUAN）,891,4.55,0.00
FSKN,891,0.00,0.00
精品甄选,891,18.18,0.00
香港大药房,891,9.09,0.00
扶芳,891,0.00,0.00
小葵花课堂,891,0.00,0.00
LecMor,891,0.00,0.00
三福田,891,0.00,0.00
东方（ORIENT）,892,0.00,0.00
明仁,892,0.00,0.00
天士力,892,23.81,0.00
小葵花妈妈,892,0.00,0.00
优月生活,892,4.76,0.00
膳禾一方,892,4.76,0.00
燃搭档,892,0.00,0.00
TKTICC,892,0.00,0.00
御膳好粥道,892,0.00,0.00
上海胡庆余堂国药号,893,0.00,0.00
太极,893,5.00,0.00
广权药业,893,15.00,0.00
甜蜜征兆,893,0.00,0.00
TIMBOT,893,10.00,0.00
卜小艾,893,0.00,0.00
MAFARIN,893,0.00,0.00
美小如,893,0.00,0.00
纽曼思（Nemans）,894,10.53,0.00
太太,894,0.00,0.00
爱飘飘（AIPIAOPIAO）,894,21.05,0.00
五养,894,15.79,0.00
泰尔（taier）,894,10.53,0.00
CATALO,894,5.26,0.00
容茗轩,894,0.00,0.00
桂方,894,10.53,0.00
vit.O.Best,894,0.00,0.00
湘普诺康,894,5.26,0.00
正丰橘,894,0.00,0.00
万嘉时刻,894,0.00,0.00
亳丰堂,894,0.00,0.00
主花颜素,894,0.00,0.00
20 Q,894,0.00,0.00
九华素,894,15.79,66.67
YNTYNK,894,15.79,0.00
推医堂,894,10.53,0.00
林兰,894,0.00,0.00
合生元（BIOSTIME）,895,11.11,0.00
康婷,895,16.67,0.00
今士健,895,11.11,0.00
A'ra,895,0.00,0.00
鑫玺,895,0.00,0.00
荣根,895,22.22,0.00
佳音,895,16.67,0.00
楷妈,895,44.44,0.00
鸿洋神,895,0.00,0.00
健途,895,0.00,0.00
FIBOO,895,0.00,0.00
雨子坊,895,38.89,0.00
obeis,895,5.56,0.00
1,895,0.00,0.00
五谷,895,11.11,0.00
百合康,895,5.56,0.00
众知堂（ZHONG ZHI TANG）,896,0.00,0.00
名启,896,0.00,0.00
南园国色,896,0.00,0.00
澳德力康,896,5.88,0.00
双迪藤黄果,896,0.00,0.00
纳通,896,5.88,0.00
富莱欣（FleshLife）,896,0.00,0.00
Fitness Labs,896,0.00,0.00
皇恰,896,0.00,0.00
穆一堂,896,0.00,0.00
MOSOLIM,896,5.88,0.00
御珑宝,896,0.00,0.00
德 德自清,896,0.00,0.00
上洋码头,896,17.65,0.00
贝儿欣（BABISIL）,897,6.25,0.00
一品康（Health care）,897,0.00,0.00
西域皇后,897,37.50,0.00
瑞辉,897,0.00,0.00
鲜克（XIANKE）,897,0.00,0.00
正大玉膳坊（CP Recipe）,897,18.75,0.00
妙莱康,897,6.25,0.00
薄畔,897,0.00,0.00
蜗养堂,897,0.00,0.00
DR.NOELLE 诺艾尔博士,897,6.25,0.00
正想家,897,18.75,0.00
BiOwell,897,0.00,0.00
莱茵,897,0.00,0.00
爱司盟,898,6.67,0.00
咪可,898,0.00,0.00
天天长（TIANTIANZHANG）,898,0.00,0.00
汤臣纽特,898,0.00,0.00
千优谷,898,0.00,0.00
海王,898,0.00,0.00
维诺健（vitastic）,898,20.00,0.00
MDNG,898,0.00,0.00
恬橙,898,0.00,0.00
亨博士（HENG DOCTOR）,898,0.00,0.00
亳大夫,898,0.00,0.00
桂方育晶,898,0.00,0.00
芍郡堂,898,0.00,0.00
仕诺康,898,0.00,0.00
YOFOODII,898,6.67,0.00
客永康,898,0.00,0.00
吕梁野山坡,899,21.43,0.00
保和堂,899,0.00,0.00
国康,899,0.00,0.00
绿森林（natural forest）,899,0.00,0.00
自然薇萃（naturewise）,899,0.00,0.00
沐春（MUCHUN）,899,0.00,0.00
Health Home,899,0.00,0.00
魅格格,899,0.00,0.00
变啦,899,0.00,0.00
丝德黎STURDY,899,0.00,0.00
蚁王,899,0.00,0.00
Mcpee,899,0.00,0.00
佰春丸,899,0.00,0.00
魏仁堂,899,7.14,0.00
求仙贡,899,0.00,0.00
颗粒粮山,899,0.00,0.00
ENERGINUT,899,0.00,0.00
白云山,899,7.14,0.00
德好耀,899,0.00,0.00
PoemCare,899,7.14,0.00
固草堂,899,14.29,0.00
恒寿堂,900,23.08,33.33
芳珂（FANCL）,900,7.69,0.00
康富丽,900,0.00,0.00
L'AMOUROSE,900,0.00,0.00
怀生堂,900,0.00,0.00
石门,900,0.00,0.00
花初良,900,0.00,0.00
若小姐（RUOXIAOJIE）,900,0.00,0.00
屯河,900,0.00,0.00
康美时代,900,0.00,0.00
谢怡,900,0.00,0.00
药都仁和,900,0.00,0.00
梁氏（LIANG'S）,900,7.69,0.00
ALBOTHYL,900,0.00,0.00
Newliann（纽利安）,900,0.00,0.00
通用芙安,900,0.00,0.00
怀府农友,900,7.69,0.00
Dr.nom,900,0.00,0.00
草源医,900,0.00,0.00
每品益方,900,0.00,0.00
赛金司舒,900,0.00,0.00
尔竹,900,0.00,0.00
岐医堂,900,15.38,0.00
艾尚燕（AISAN BIRD'S NEST）,901,0.00,0.00
金奇仕（KingKeys）,901,8.33,0.00
贵州,901,0.00,0.00
和兴（Hoe Hin）,901,0.00,0.00
汴都铺子,901,0.00,0.00
贝莱,901,8.33,0.00
塔木金,901,0.00,0.00
天美健,901,50.00,16.67
荷柏瑞,901,0.00,0.00
全控谷,901,0.00,0.00
苗氏,901,8.33,0.00
V&NFC,901,0.00,0.00
庐康,901,0.00,0.00
燃能兽,901,0.00,0.00
吉皇宝,901,16.67,0.00
PONGDAY,901,33.33,0.00
鹰君,902,0.00,0.00
海力生,902,0.00,0.00
益美健（YIMEIJIAN）,902,9.09,0.00
西域（Xiyu）,902,18.18,0.00
小颜,902,0.00,0.00
溥畔,902,0.00,0.00
臻吉言,902,0.00,0.00
北寻记,902,9.09,0.00
捷福多,902,0.00,0.00
九阳,902,0.00,0.00
东方良采,902,0.00,0.00
普瑞益生,902,0.00,0.00
颐康聚福堂,902,18.18,0.00
闪橙,902,9.09,0.00
FLORADIX,902,0.00,0.00
悦小谷,902,0.00,0.00
韩臣（HSEEN）,903,0.00,0.00
纽倍乐,903,0.00,0.00
佳莱福,903,10.00,0.00
济民可信,903,10.00,0.00
B365,903,0.00,0.00
肯定醒,903,0.00,0.00
艾兰得（ALAND）,903,0.00,0.00
施强,903,0.00,0.00
善卡优,903,10.00,0.00
谯邑百草,903,10.00,0.00
黑宝,903,0.00,0.00
归一,903,0.00,0.00
葵花药业,903,0.00,0.00
顺静,903,0.00,0.00
三九保健 三九保健食品有限公司,903,10.00,0.00
云上谷村,903,0.00,0.00
悦百岁,903,0.00,0.00
中科三安,903,0.00,0.00
药约堂,903,0.00,0.00
艾益生（aiyisheng）,903,0.00,0.00
Granions,903,0.00,0.00
伶纤集,903,10.00,0.00
寻秦岭,903,0.00,0.00
百年益方,903,10.00,0.00
京都丛柏堂,903,0.00,0.00
育贝森 YOBENSON,903,60.00,0.00
元气码头,903,0.00,0.00
舒元康,903,0.00,0.00
伍福梦,903,10.00,0.00
加邮,903,0.00,0.00
瑞暖露,903,0.00,0.00
广庚堂,903,0.00,0.00
塑予,903,10.00,0.00
善元堂,904,0.00,0.00
麦金利,904,0.00,0.00
红枫叶,904,0.00,0.00
十二花香,904,0.00,0.00
阿波罗神力,904,44.44,0.00
蜂王牌,904,0.00,0.00
可滋元（keziyuan）,904,11.11,0.00
膳太,904,0.00,0.00
全倍健,904,0.00,0.00
兰山庄园,904,11.11,0.00
九春堂,904,0.00,0.00
LZJV,904,0.00,0.00
时珍拾遗,904,11.11,0.00
白小养,904,0.00,0.00
众久,904,0.00,0.00
裕房,904,0.00,0.00
禾健生,904,22.22,0.00
熊宝堂,904,0.00,0.00
凝世堂,904,0.00,0.00
叶医生,904,0.00,0.00
品中润PINZHONGRUN,904,0.00,0.00
铮御堂,904,0.00,0.00
目谷家,904,33.33,0.00
能量虎,904,44.44,0.00
赛乐康,904,0.00,0.00
坤达理,904,11.11,100.00
HIEUAILR,904,0.00,0.00
朗康林,904,0.00,0.00
蚓活力,904,0.00,0.00
京儿,905,0.00,0.00
康维他（Comvita）,905,0.00,0.00
龙角散,905,0.00,0.00
吉药,905,0.00,0.00
优卡丹,905,0.00,0.00
润达君,905,25.00,0.00
Amars,905,0.00,0.00
谷本道元,905,0.00,0.00
黄连之乡,905,0.00,0.00
天灵,905,0.00,0.00
御坊堂（yufangtang）,905,12.50,0.00
阿斯康健,905,0.00,0.00
泰城谷匠,905,25.00,50.00
楼兰蜜语,905,0.00,0.00
法思觅语,905,0.00,0.00
贝因美,905,0.00,0.00
王天晴,905,37.50,0.00
态乐美（TAILEMEI）,905,12.50,0.00
利孚（LEAFOO）,905,0.00,0.00
HYLLERS,905,0.00,0.00
纳通唯康（NATONSK）,905,12.50,0.00
今益元,905,0.00,0.00
代林春,905,0.00,0.00
梦之巅,905,0.00,0.00
伯润康,905,0.00,0.00
快速,905,0.00,0.00
德硕堂,905,12.50,0.00
尚美颂,905,0.00,0.00
护舒宝,906,0.00,0.00
纽徕佛（new life）,906,0.00,0.00
香港5utoys,906,0.00,0.00
林源春（Linyuanchuan）,906,0.00,0.00
维多莱解酒灵（vedora）,906,0.00,0.00
Jarrow,906,14.29,0.00
旗黄,906,0.00,0.00
金龙,906,0.00,0.00
膳力达（Pronitrio）,906,0.00,0.00
绿之韵（RESGREEN）,906,0.00,0.00
怀府街,906,0.00,0.00
辅滋堂,906,0.00,0.00
雅米佳,906,0.00,0.00
宫禧燕,906,0.00,0.00
ZOCI,906,0.00,0.00
乐家老铺,906,0.00,0.00
南启山,906,0.00,0.00
味香承,906,0.00,0.00
富生紫福临,906,0.00,0.00
国药集团天目湖,906,14.29,0.00
凰茎,906,0.00,0.00
健尔素,906,14.29,0.00
中恩特膳,906,0.00,0.00
盈养记忆,906,0.00,0.00
倍力战,906,14.29,0.00
纤本颜,906,14.29,0.00
依依红颜,906,14.29,0.00
畅颜舒,906,0.00,0.00
MRM,906,0.00,0.00
怡品堂,907,0.00,0.00
建莲,907,0.00,0.00
伟博（Webber Naturals）,907,0.00,0.00
福事多,907,0.00,0.00
清大广仁,907,0.00,0.00
安惠（AIphay）,907,0.00,0.00
维多莱,907,0.00,0.00
麦记,907,0.00,0.00
Ddrops,907,0.00,0.00
永龙,907,33.33,0.00
易加能,907,0.00,0.00
问君,907,0.00,0.00
CITRACAL,907,0.00,0.00
好大夫,907,0.00,0.00
康,907,0.00,0.00
朗小贝,907,0.00,0.00
御辉,907,0.00,0.00
神灵（SL）,907,0.00,0.00
葵花贝贝,907,16.67,0.00
阿盾,907,0.00,0.00
富元,907,0.00,0.00
漓果鲜,907,0.00,0.00
好望水,907,0.00,0.00
千古世医,907,0.00,0.00
养之计,907,0.00,0.00
振东五和 五和医养堂,907,16.67,0.00
早元,907,0.00,0.00
燕旭安,907,0.00,0.00
艾贝月,907,0.00,0.00
其他家,907,0.00,0.00
NATUREBELL,907,0.00,0.00
无牌,907,16.67,0.00
独角鳄,907,0.00,0.00
云教授,907,0.00,0.00
拾善方,907,0.00,0.00
弘燕,907,0.00,0.00
胶城阿胶,907,0.00,0.00
喜花堂,907,0.00,0.00
医町,907,0.00,0.00
勃锐精（Proxeed）,907,16.67,0.00
顺益堂,907,0.00,0.00
骄泉,907,16.67,0.00
蜜纽康（Manuka Health）,908,0.00,0.00
派多,908,0.00,0.00
柏维力,908,0.00,0.00
正康惠仁,908,0.00,0.00
贝蜜儿（Babymier）,908,0.00,0.00
国和堂（guohetang）,908,0.00,0.00
国康,908,0.00,0.00
鑫宝亿,908,0.00,0.00
KINGGOURD,908,0.00,0.00
金箭,908,0.00,0.00
康达康,908,0.00,0.00
NBB,908,0.00,0.00
古老东方,908,0.00,0.00
传承元和堂,908,0.00,0.00
岐伯堂,908,0.00,0.00
梦动,908,0.00,0.00
流连湾,908,0.00,0.00
克啦啦 （SUN CLARA）,908,0.00,0.00
滋御医,908,0.00,0.00
贝努滋,908,0.00,0.00
载德药业（ZAIDEYAOYE）,908,0.00,0.00
昕禾睿生,908,0.00,0.00
泽亦堂,908,0.00,0.00
胖村农,908,0.00,0.00
天中辅仁,908,0.00,0.00
国药集团,908,0.00,0.00
匠心华誉堂,908,0.00,0.00
燃律,908,0.00,0.00
中葵制药,908,0.00,0.00
卧佛,908,0.00,0.00
膳力多,908,0.00,0.00
御春集,908,0.00,0.00
寇林纳,908,0.00,0.00
魔术丝,908,0.00,0.00
万益蓝,908,0.00,0.00
山阳春,908,0.00,0.00
用茶日记,908,20.00,0.00
玉清饮,908,0.00,0.00
鑫玺,908,0.00,0.00
安诺康 ANNUAL KANG,908,20.00,0.00
AMYKON,908,0.00,0.00
POLLY QUEEN,908,0.00,0.00
亳凝俏,908,0.00,0.00
疆宝莱,908,0.00,0.00
康麦斯（K-Max）,909,0.00,0.00
丽波（LIBO）,909,0.00,0.00
同仁,909,0.00,0.00
金纳多（Ginkgo biloba hevert）,909,0.00,0.00
Life Extension,909,0.00,0.00
树铭,909,0.00,0.00
京都麒麟堂,909,0.00,0.00
感叹号,909,0.00,0.00
维乐维,909,0.00,0.00
高原圣果,909,0.00,0.00
星群,909,0.00,0.00
龙牡,909,0.00,0.00
万通,909,0.00,0.00
时珍,909,0.00,0.00
丫迷,909,0.00,0.00
金百通,909,0.00,0.00
金鸡,909,0.00,0.00
董欣（DXIN）,909,0.00,0.00
尧虎,909,0.00,0.00
济仁堂,909,0.00,0.00
振东五和,909,0.00,0.00
佑康泰,909,0.00,0.00
奇珍堂（CHEEZENTANG）,909,0.00,0.00
西域总督（XIYUZONGDU）,909,0.00,0.00
臻宛艾（ZHEN WAN AI）,909,0.00,0.00
李绅,909,0.00,0.00
正匡工房,909,0.00,0.00
BAILIMO,909,0.00,0.00
氧气能量（Oxyenergy）,909,0.00,0.00
致美悦颜,909,0.00,0.00
芯亦,909,0.00,0.00
誉药堂,909,0.00,0.00
马小养,909,0.00,0.00
谷亿满,909,0.00,0.00
川穹益康,909,0.00,0.00
崎野医生,909,0.00,0.00
安道正元,909,0.00,0.00
美乐家 MELALEUCA,909,0.00,0.00
白生升,909,0.00,0.00
SODUKU,909,0.00,0.00
健美生,909,0.00,0.00
五谷新势力,909,25.00,0.00
放山官,909,0.00,0.00
力康,909,0.00,0.00
御品圣宝,909,0.00,0.00
赛无双,909,0.00,0.00
葵花,909,0.00,0.00
纽倍乐,909,0.00,0.00
润康生,909,25.00,0.00
Healthy Care,909,0.00,0.00
国医,909,0.00,0.00
嘉膳之和,909,0.00,0.00
冠美安,909,0.00,0.00
采乐,910,0.00,0.00
御生堂,910,0.00,0.00
东革阿里（ACE）,910,0.00,0.00
NewChapter,910,0.00,0.00
益普利生,910,0.00,0.00
哈药六,910,0.00,0.00
佰思佳（Besica）,910,0.00,0.00
古方,910,0.00,0.00
妈咪爱（Ofmom ）,910,0.00,0.00
kammoy,910,0.00,0.00
血力,910,0.00,0.00
MASON NATURAL,910,0.00,0.00
石药集团（CSPC）,910,33.33,0.00
懷山源,910,0.00,0.00
橘红宝（JHB）,910,0.00,0.00
丰凯园实业（FENGKAIYUANSHIYE）,910,0.00,0.00
哈贝高,910,0.00,0.00
食味的初相,910,0.00,0.00
A perfect day,910,0.00,0.00
黑金刚,910,0.00,0.00
鹊华,910,0.00,0.00
静萱（jingxuan）,910,0.00,0.00
仙叫,910,0.00,0.00
明优堂,910,0.00,0.00
嘉德,910,0.00,0.00
甄裕堂,910,0.00,0.00
优维康,910,66.67,0.00
恒依堂,910,0.00,0.00
佳儿搭档,910,0.00,0.00
芈燕,910,0.00,0.00
慈醫華佗,910,0.00,0.00
ACO,910,0.00,0.00
BBLAB,910,0.00,0.00
今优咕噜,910,0.00,0.00
时珍世家 金系列,910,0.00,0.00
膳精方,910,0.00,0.00
本然重塑,910,0.00,0.00
玉妍坊,910,0.00,0.00
贤南堂,910,0.00,0.00
香港李时珍药业股份有限公司,910,0.00,0.00
零食符号（SNACKS SYMBOL）,910,0.00,0.00
北辉,910,0.00,0.00
同瑞健,910,0.00,0.00
温妙堂,910,0.00,0.00
致天然,910,0.00,0.00
养生达人,910,0.00,0.00
由仁堂,910,33.33,0.00
佗鹊堂,910,33.33,0.00
ABOK NUTRITION,910,33.33,0.00
COSAMIN,910,0.00,0.00
官益堂,910,0.00,0.00
健尔马（jemer）,911,0.00,0.00
康元,911,0.00,0.00
天狮（TIENS）,911,0.00,0.00
无限极,911,0.00,0.00
汉苑良方,911,0.00,0.00
澳天力（ALTRA）,911,50.00,0.00
汤普森（Thompson's）,911,0.00,0.00
天维美（Nature Made）,911,0.00,0.00
康仕莱諾（KangShiLaiNuo）,911,0.00,0.00
牛千岁,911,0.00,0.00
三康,911,0.00,0.00
鹿归春（luguichun）,911,0.00,0.00
金枪人,911,0.00,0.00
御隆,911,0.00,0.00
绿窈,911,0.00,0.00
孕味食足,911,0.00,0.00
修风梦,911,0.00,0.00
草珊瑚,911,0.00,0.00
信而来,911,0.00,0.00
朗迪,911,0.00,0.00
英雄,911,0.00,0.00
江中安可,911,0.00,0.00
米囹,911,0.00,0.00
美媛春,911,0.00,0.00
必理通,911,0.00,0.00
蕊草堂,911,0.00,0.00
沁晚香,911,0.00,0.00
金花坑,911,0.00,0.00
思香逢,911,0.00,0.00
美粥食客,911,0.00,0.00
林丰,911,0.00,0.00
小鹿蓝蓝,911,0.00,0.00
倍恩母,911,0.00,0.00
保元堂,911,0.00,0.00
澳乐乳（OZ Good Dairy）,911,0.00,0.00
巨牌,911,0.00,0.00
众舰行,911,0.00,0.00
永和堂（YONGHETANG）,911,0.00,0.00
赛金司舒,911,0.00,0.00
追捧,911,0.00,0.00
牧鹿川,911,0.00,0.00
御太医,911,0.00,0.00
芙顺堂,911,0.00,0.00
保元德,911,0.00,0.00
修正,911,0.00,0.00
Bulesom,911,0.00,0.00
健宝堂,911,0.00,0.00
永庆年堂,911,0.00,0.00
药剂天下,911,0.00,0.00
蓓多康,911,0.00,0.00
广药白云山 白云山,911,0.00,0.00
初优享,911,0.00,0.00
仙养元,911,0.00,0.00
DonCoo,911,0.00,0.00
余未,911,0.00,0.00
藏有引力,911,50.00,0.00
藏千岁,911,0.00,0.00
儒庆堂,911,50.00,0.00
吉方,911,50.00,0.00
宇航人,911,50.00,100.00
燕南妃,911,0.00,0.00
妈咪爱倍力健,911,0.00,0.00
炫乐熊,911,0.00,0.00
WEBBER NATURALS,911,0.00,0.00
LIFE EXTENSION,911,0.00,0.00
佳贝方,911,0.00,0.00
小葵花 BAOBAO,911,0.00,0.00
橘香芯蕊,911,0.00,0.00
诺升,911,0.00,0.00
承一酱,911,0.00,0.00
参禄堂,911,0.00,0.00
健尔曼,911,0.00,0.00
韵铉,911,0.00,0.00
硬拾立,911,0.00,0.00
芁医生,911,0.00,0.00
贝康劲,911,0.00,0.00
国本草药,911,0.00,0.00
佐福源,911,0.00,0.00
启智美 GIFT INTELLECT,911,50.00,0.00
SMILEELF,911,0.00,0.00
洛芳斋,911,0.00,0.00
正颐堂,911,50.00,0.00
泰国紫御,911,0.00,0.00
博力威 BLW,911,0.00,0.00
KE,911,0.00,0.00
谷本百年,911,0.00,0.00
东康恩,911,0.00,0.00
不负容华,911,0.00,0.00
知敬堂,911,0.00,0.00
温芳,911,0.00,0.00
SOD,912,0.00,0.00
春娟,912,0.00,0.00
乐辅智,912,0.00,0.00
庆仁,912,0.00,0.00
三圣宝,912,0.00,0.00
万邦,912,0.00,0.00
鑫福来（SUNFLY）,912,0.00,0.00
鸿洋神,912,0.00,0.00
盈康,912,0.00,0.00
禾博士（Dr．Herbs）,912,0.00,0.00
美乐佳,912,0.00,0.00
倍力莱特,912,0.00,0.00
康百力（COMBALI）,912,0.00,0.00
神芝王朝,912,0.00,0.00
切糕王子,912,0.00,0.00
巨日,912,0.00,0.00
益生谷（ESG）,912,0.00,0.00
星群,912,0.00,0.00
瑞珠,912,0.00,0.00
安泰,912,0.00,0.00
在里阿（ZERIA）,912,0.00,0.00
megafood,912,0.00,0.00
气血和,912,0.00,0.00
宇航人,912,0.00,0.00
盛世三诚,912,0.00,0.00
爱倍,912,0.00,0.00
贝斯迪,912,0.00,0.00
巴康,912,0.00,0.00
美罗,912,0.00,0.00
广生堂,912,0.00,0.00
倍姿,912,0.00,0.00
VORST,912,0.00,0.00
康恩贝贝,912,0.00,0.00
初喜,912,0.00,0.00
京豫,912,0.00,0.00
慈安堂,912,0.00,0.00
恒佳,912,100.00,0.00
Qivaro,912,0.00,0.00
古保堂,912,0.00,0.00
药健百瑞,912,0.00,0.00
OLOEY,912,100.00,0.00
修正健康,912,0.00,0.00
H,912,0.00,0.00
同集本草,912,0.00,0.00
亚泰康派,912,0.00,0.00
多特倍斯（Doctor's Best）,912,0.00,0.00
禾沐康,912,0.00,0.00
新尚,912,0.00,0.00
G‘NITE,912,0.00,0.00
IGIFTFIRE,912,0.00,0.00
庭燕庄（TING YAN ZHUANG）,912,0.00,0.00
谷医堂,912,0.00,0.00
福凤容颜,912,0.00,0.00
美疆駝王（MeiJiangTuoWang）,912,100.00,0.00
侯子园,912,0.00,0.00
梅花乡,912,0.00,0.00
ProHealth,912,0.00,0.00
淳生元（CHUNSHENGYUAN）,912,0.00,0.00
悟青春（WUQINGCHUN）,912,0.00,0.00
睿德堂,912,0.00,0.00
朽山（XIUSHAN）,912,0.00,0.00
蓉芸堂,912,0.00,0.00
祥醫堂,912,0.00,0.00
祥沃良品,912,0.00,0.00
白云山星群,912,0.00,0.00
元化集珍,912,0.00,0.00
京善堂,912,0.00,0.00
藏气阁,912,0.00,0.00
三圣宝,912,0.00,0.00
若善,912,100.00,0.00
天美仕,912,0.00,0.00
辰本草,912,0.00,0.00
陈力新,912,0.00,0.00
达埔李和元,912,0.00,0.00
轻钻,912,0.00,0.00
严料坊,912,0.00,0.00
八桂药谷,912,0.00,0.00
源动素,912,0.00,0.00
恋派,912,100.00,0.00
延复堂,912,0.00,0.00
康亲堂,912,0.00,0.00
益天汇,912,0.00,0.00
康信制药,912,0.00,0.00
沙漠行者,912,0.00,0.00
捷瘦,912,0.00,0.00
利吉氏,912,0.00,0.00
谷思元,912,0.00,0.00
暖蔻,912,0.00,0.00
九春康,912,0.00,0.00
千宝高壮,912,0.00,0.00
九芝堂芝,912,0.00,0.00
众玖福堂,912,0.00,0.00
京营,912,0.00,0.00
泽古堂,912,0.00,0.00
奇方臻品,912,0.00,0.00
美禧冠,912,0.00,0.00
正信,912,0.00,0.00
塑时光,912,0.00,0.00
翠云堂,912,0.00,0.00
COVO COYO,912,0.00,0.00
怀之风,912,0.00,0.00
东革阿里,912,0.00,0.00
禾善维斯,912,0.00,0.00
帆济堂,912,0.00,0.00
味纠纠,912,0.00,0.00
艾医家,912,0.00,0.00
伟博,912,0.00,0.00
卧蝉,912,0.00,0.00
福小禧,912,0.00,0.00
采乐,912,0.00,0.00
好膳道,912,0.00,0.00
唤盈,912,0.00,0.00
袅烟阁,912,0.00,0.00
怀生堂,912,0.00,0.00
MKULE,912,0.00,0.00
HMOJI NUTRITION,912,0.00,0.00
preparation H,912,0.00,0.00
YEFE,912,0.00,0.00
花予意,912,0.00,0.00
喜养健,912,0.00,0.00
道味儿,912,0.00,0.00
茉度,913,0.00,0.00
